pdbid,chains
2WQA,ABCD
2WQA,EF
2XAC,AB
2XAC,CX
2XB6,AB
2XB6,CD
2XGY,A
2XGY,B
2XQW,AB
2XQW,C
2XT1,A
2XT1,B
3K51,ACE
3K51,BDF
3K9P,A
3K9P,B
3L3T,E
3L3T,A
3MJ7,A
3MJ7,B
3OXU,A
3OXU,D
3PV6,A
3PV6,B
3QBQ,AEG
3QBQ,BFH
3QBV,A
3QBV,B
3QLU,D
3QLU,B
3QQ8,A
3QQ8,B
3SBW,B
3SBW,C
3T62,A
3T62,D
3UB5,A
3UB5,P
3UIR,A
3UIR,C
3UJL,A
3UJL,B
3V2U,AB
3V2U,CD
3V60,BDF
3V60,ACE
3VH3,AC
3VH3,BD
3VU3,CDEFGH
3VU3,A
3WRY,AB
3WRY,CD
3WWN,AC
3WWN,BD
3ZO0,AC
3ZO0,BD
4AN7,A
4AN7,B
4AQE,A
4AQE,B
4BI8,AC
4BI8,BD
4C4P,A
4C4P,B
4C6T,C
4C6T,D
4C9A,AC
4C9A,BD
4DI4,ACE
4DI4,BDF
4ES4,AG
4ES4,BH
4EY8,AC
4EY8,BD
4FA8,ABDJKL
4FA8,EFGMNO
4HX2,BD
4HX2,AC
4HX3,BD
4HX3,AC
4IHF,ABC
4IHF,ILJ
4ILW,A
4ILW,D
4J5X,AB
4J5X,CD
4JQW,AB
4JQW,CD
4ML7,BD
4ML7,AC
4N9O,A
4N9O,B
4NFG,A
4NFG,B
4P2A,A
4P2A,B
4PDC,AB
4PDC,E
4PJ2,AB
4PJ2,CD
4PP8,AB
4PP8,C
4RF1,A
4RF1,B
4RSU,GHI
4RSU,JKL
4WMA,A
4WMA,D
4WWY,A
4WWY,C
4XHU,A
4XHU,B
4ZDW,A
4ZDW,BC
4ZK9,AC
4ZK9,BD
4ZKB,AC
4ZKB,BD
5B1J,BDF
5B1J,CEG
5BQC,B
5BQC,A
5BXQ,AB
5BXQ,CD
5C2J,A
5C2J,B
5CKX,ABEF
5CKX,CDGH
5E0K,AC
5E0K,BD
5E5M,A
5E5M,B
5FT8,AC
5FT8,BD
5GQQ,AB
5GQQ,CD
5HQP,AB
5HQP,CD
5J4Q,A
5J4Q,B
5JCZ,A
5JCZ,B
5MMZ,A
5MMZ,B
5MR3,AC
5MR3,BD
5NT1,AC
5NT1,BD
5O6T,AB
5O6T,CD
5X0Z,AB
5X0Z,E
5X4L,A
5X4L,C
5X5W,A
5X5W,B
5XT5,AB
5XT5,CD
5ZQ3,B
5ZQ3,D
6A6G,AB
6A6G,CD
6B7M,A
6B7M,BC
6BI8,A
6BI8,C
6D1Q,A
6D1Q,B
6FGA,AE
6FGA,KN
6FHP,B
6FHP,D
6FOL,A
6FOL,B
6GND,AG
6GND,BH
6IZW,A
6IZW,BC
6J62,AB
6J62,CD
6K73,A
6K73,C
6LSA,A
6LSA,F
6MKZ,AC
6MKZ,BD
6OKC,AB
6OKC,CD
6ONB,A
6ONB,B
6QLB,AB
6QLB,EFIJKL
6RH8,AB
6RH8,CD
6WH1,AC
6WH1,BD
6ZT5,AB
6ZT5,C
7CBK,AC
7CBK,BD
7KP7,ABC
7KP7,EFD
2YHO,AC
2YHO,BD
3FPU,A
3FPU,B
3LCB,AB
3LCB,CD
3LNM,AEGI
3LNM,BFHJ
3ONG,A
3ONG,D
3RT3,AB
3RT3,CD
3VE1,C
3VE1,D
3VMH,ABC
3VMH,DFE
3ZO5,A
3ZO5,B
4APX,A
4APX,B
4BMO,AC
4BMO,BD
4BWG,BCDEF
4BWG,A
4C9R,AC
4C9R,BD
4D8D,A
4D8D,B
4DSS,AC
4DSS,BD
4E6K,AB
4E6K,G
4HH3,AB
4HH3,C
4ITR,A
4ITR,D
4J4L,C
4J4L,A
4KYO,AC
4KYO,BD
4M69,A
4M69,B
4NIY,AB
4NIY,EF
4XH9,A
4XH9,B
5CNS,AD
5CNS,FG
5ECK,AD
5ECK,BC
5HUD,ABCD
5HUD,EFGH
5IAA,AB
5IAA,CD
5IUN,AB
5IUN,CD
5JJD,A
5JJD,B
5KHO,AB
5KHO,CD
5TVQ,A
5TVQ,B
5U4Y,AB
5U4Y,CD
5U9M,A
5U9M,B
5Y32,B
5Y32,A
5Z78,AB
5Z78,C
5ZQ5,AC
5ZQ5,BD
6CO2,AB
6CO2,C
6FM2,AC
6FM2,BD
6K3B,A
6K3B,B
6LW4,A
6LW4,B
6NNQ,A
6NNQ,B
6OKG,AC
6OKG,BD
6Z20,A
6Z20,B
7AUW,AC
7AUW,BD
7BU0,A
7BU0,C
7C13,AD
7C13,BCEF
2X9A,A
2X9A,B
2XBB,A
2XBB,C
2Y1R,A
2Y1R,I
3A8K,A
3A8K,E
3AQF,A
3AQF,B
3IFW,A
3IFW,B
3JZA,A
3JZA,B
3K65,A
3K65,B
3KVF,A
3KVF,B
3KW5,A
3KW5,B
3LB8,A
3LB8,C
3LQC,A
3LQC,B
3LXR,A
3LXR,F
3M63,A
3M63,B
3M7Q,B
3M7Q,A
3MC0,A
3MC0,B
3N4I,A
3N4I,B
3N7S,B
3N7S,C
3ONL,A
3ONL,C
3OWE,A
3OWE,B
3PCR,A
3PCR,B
3PHX,A
3PHX,B
3PRP,A
3PRP,B
3RDZ,A
3RDZ,C
3RNK,A
3RNK,B
3RNQ,B
3RNQ,A
3TG1,A
3TG1,B
3TNF,A
3TNF,B
3TSO,B
3TSO,C
3UOU,A
3UOU,B
3VEQ,B
3VEQ,A
3VLB,A
3VLB,B
3VV2,A
3VV2,B
3VYR,A
3VYR,B
3W3Z,A
3W3Z,B
3W5U,A
3W5U,D
3W9C,A
3W9C,B
4A49,A
4A49,B
4B8A,A
4B8A,B
4C2A,A
4C2A,B
4CDK,A
4CDK,E
4CRW,A
4CRW,B
4CT4,A
4CT4,B
4EMJ,A
4EMJ,B
4ETW,A
4ETW,B
4F48,A
4F48,B
4FBJ,A
4FBJ,B
4FJV,A
4FJV,B
4G9S,A
4G9S,B
4GED,A
4GED,B
4GOJ,A
4GOJ,C
4H03,A
4H03,B
4HCP,A
4HCP,B
4HDO,A
4HDO,B
4HWI,A
4HWI,B
4I1O,A
4I1O,D
4ISL,A
4ISL,B
4ISO,A
4ISO,B
4J2Y,A
4J2Y,B
4JX1,A
4JX1,C
4K1R,A
4K1R,B
4KT1,A
4KT1,E
4KVG,A
4KVG,B
4L41,AB
4L41,C
4LJO,A
4LJO,B
4LQW,A
4LQW,D
4LYL,A
4LYL,B
4M0W,A
4M0W,B
4M76,A
4M76,B
4MGY,E
4MGY,R
4MM3,A
4MM3,B
4NZL,A
4NZL,B
4OL0,A
4OL0,B
4R40,A
4R40,B
4TXO,B
4TXO,A
4TXV,A
4TXV,B
4U30,X
4U30,A
4U5Y,A
4U5Y,D
4WKS,C
4WKS,A
4WZ3,A
4WZ3,B
4XOI,A
4XOI,B
4Y0Y,E
4Y0Y,I
4YDY,A
4YDY,I
5BNB,B
5BNB,F
5BZ0,A
5BZ0,B
5C9J,A
5C9J,B
5CEC,A
5CEC,B
5DI3,B
5DI3,A
5EIN,AB
5EIN,C
5F4E,A
5F4E,B
5FIO,A
5FIO,B
5H5J,A
5H5J,B
5H92,A
5H92,C
5HPY,A
5HPY,B
5I4H,A
5I4H,B
5IRC,A
5IRC,F
5KIY,A
5KIY,B
5KYC,B
5KYC,C
5KYF,B
5KYF,C
5L3S,A
5L3S,B
5N38,B
5N38,A
5TDE,A
5TDE,B
5TL7,A
5TL7,B
5TUT,A
5TUT,B
5U8C,A
5U8C,B
5WFI,A
5WFI,C
5WFO,QR
5WFO,N
5Z2M,D
5Z2M,A
6D66,A
6D66,B
6DBF,A
6DBF,B
6DWF,A
6DWF,G
6E7R,A
6E7R,B
6EPO,R
6EPO,S
6FFA,A
6FFA,B
6FP7,A
6FP7,B
6FYH,A
6FYH,B
6GB6,B
6GB6,A
6HEI,A
6HEI,B
6I3F,A
6I3F,B
6II6,A
6II6,C
6JB2,A
6JB2,B
6JBU,A
6JBU,B
6JZY,A
6JZY,B
6K9P,G
6K9P,B
6LYD,A
6LYD,I
6M2C,A
6M2C,E
6MCQ,A
6MCQ,B
6OAM,A
6OAM,D
6OB3,A
6OB3,B
6QB3,A
6QB3,X
6TDP,A
6TDP,B
6U0J,A
6U0J,B
6V7M,A
6V7M,B
6VTM,A
6VTM,B
6W7O,A
6W7O,C
6WTG,A
6WTG,D
6X1G,A
6X1G,B
6XAA,A
6XAA,B
6YEV,A
6YEV,E
6YMU,A
6YMU,B
7M0X,A
7M0X,B
2X83,A
2X83,B
3KBT,A
3KBT,D
3M18,A
3M18,B
3OGO,C
3OGO,H
3P95,A
3P95,E
3PB1,I
3PB1,E
3TX7,A
3TX7,B
3VF0,A
3VF0,B
4DRI,A
4DRI,B
4DRJ,A
4DRJ,B
4EOJ,A
4EOJ,B
4FOU,A
4FOU,C
4G8A,B
4G8A,D
4LV5,A
4LV5,B
4MDK,A
4MDK,E
4MSV,BDF
4MSV,ACE
4N6O,A
4N6O,B
4PKG,A
4PKG,G
4TX3,A
4TX3,B
4WP5,A
4WP5,B
4XGA,A
4XGA,B
4YOC,A
4YOC,C
5AQ9,A
5AQ9,B
5D6J,A
5D6J,B
5IFR,A
5IFR,B
5IWB,A
5IWB,B
5IWW,C
5IWW,D
5JA2,A
5JA2,B
5M70,A
5M70,B
5TL6,B
5TL6,A
5WYH,A
5WYH,B
5YEE,B
5YEE,A
6ATG,A
6ATG,B
6DBG,B
6DBG,C
6FX4,A
6FX4,B
6IXX,A
6IXX,I
6OBN,A
6OBN,C
6R3V,B
6R3V,A
6W9R,N
6W9R,B
6XA9,A
6XA9,B
7C7I,B
7C7I,C
2WPT,A
2WPT,B
2WY7,A
2WY7,Q
3KUD,A
3KUD,B
3LCP,A
3LCP,C
3LMS,A
3LMS,B
3MZW,A
3MZW,B
3N1G,A
3N1G,D
3N1M,B
3N1M,C
3ONA,A
3ONA,B
4B1T,A
4B1T,B
4B2B,A
4B2B,B
4C0O,A
4C0O,C
4DWH,A
4DWH,B
4JWS,A
4JWS,C
4K12,A
4K12,B
4MRT,C
4MRT,A
4PLO,B
4PLO,A
4UAE,A
4UAE,F
4UAF,B
4UAF,E
4Y1L,B
4Y1L,C
5AEK,A
5AEK,B
5GPG,A
5GPG,B
5GXG,A
5GXG,B
5L6W,L
5L6W,C
5O33,A
5O33,B
5T7L,A
5T7L,B
6BCA,C
6BCA,A
6HER,A
6HER,B
6KGC,A
6KGC,B
6O82,A
6O82,B
6OG4,A
6OG4,C
6P43,A
6P43,B
6P7Y,A
6P7Y,B
6PDL,A
6PDL,B
6TRI,A
6TRI,B
6VJJ,A
6VJJ,B
6WX8,A
6WX8,B
6YP9,A
6YP9,B
7D2S,A
7D2S,B
3KUC,A
3KUC,B
3TGX,C
3TGX,D
4D0N,A
4D0N,B
4IC7,A
4IC7,B
4IZ7,A
4IZ7,B
5TX4,A
5TX4,B
6ACI,A
6ACI,H
6ASR,A
6ASR,B
6THL,A
6THL,B
2XZ0,AB
2XZ0,D
3KSE,A
3KSE,D
3LVJ,AB
3LVJ,CD
3LVL,BD
3LVL,AC
3QB4,AC
3QB4,BD
3RUI,AC
3RUI,BD
4J38,A
4J38,B
4NKG,AC
4NKG,BD
4ZQK,A
4ZQK,B
5JWO,A
5JWO,B
5LDA,A
5LDA,B
5TBM,A
5TBM,B
5ZNG,A
5ZNG,C
6G26,A
6G26,F
6HA7,A
6HA7,C
6IB8,AB
6IB8,C
6Q76,A
6Q76,B
6RMU,B
6RMU,D
3RNM,AB
3RNM,E
3ZDM,AB
3ZDM,C
3ZOQ,A
3ZOQ,BC
4Y5O,A
4Y5O,B
5XLY,A
5XLY,B
1A2K,AB
1A2K,CD
1AKJ,ABC
1AKJ,DE
1AVX,A
1AVX,B
1AY7,A
1AY7,B
1AZS,AB
1AZS,C
1B6C,A
1B6C,B
1BUH,A
1BUH,B
1BVN,P
1BVN,T
1D6R,A
1D6R,I
1DFJ,E
1DFJ,I
1E6E,A
1E6E,B
1.00E+96,A
1.00E+96,B
1EAW,A
1EAW,B
1EFN,B
1EFN,A
1EWY,A
1EWY,C
1EXB,ABCD
1EXB,EFGH
1EZU,AB
1EZU,CD
1F34,A
1F34,B
1F51,AB
1F51,EF
1F80,ABC
1F80,DEF
1FQJ,B
1FQJ,A
1G73,A
1G73,C
1GCQ,B
1GCQ,C
1GHQ,A
1GHQ,B
1GLA,ACFH
1GLA,BDGI
1GPW,A
1GPW,B
1GRN,A
1GRN,B
1HCF,AB
1HCF,XY
1HE1,A
1HE1,C
1HE8,A
1HE8,B
1HIA,AB
1HIA,I
1I4D,AB
1I4D,D
1IJK,BC
1IJK,A
1J2J,A
1J2J,B
1JWH,CD
1JWH,AB
1K5D,AB
1K5D,C
1K74,AB
1K74,DE
1KAC,ACE
1KAC,BDF
1KKM,ABC
1KKM,HIJ
1KLU,ABC
1KLU,D
1KTZ,A
1KTZ,B
1KXP,A
1KXP,D
1LFD,B
1LFD,A
1MAH,A
1MAH,F
1ML0,AB
1ML0,CD
1N8O,ABC
1N8O,E
1NOC,ACE
1NOC,BDF
1OFU,XY
1OFU,AB
1OPH,A
1OPH,B
1PK1,A
1PK1,B
1PPE,E
1PPE,I
1PVH,A
1PVH,B
1QA9,A
1QA9,B
1R0R,E
1R0R,I
1RLB,ABCD
1RLB,EF
1SBB,A
1SBB,B
1T6B,A
1T6B,X
1TMQ,A
1TMQ,B
1UDI,E
1UDI,I
1US7,A
1US7,B
1V7P,AB
1V7P,C
1WDW,BD
1WDW,AC
1WQ1,G
1WQ1,R
1XD3,A
1XD3,B
1YVB,A
1YVB,I
1Z0K,A
1Z0K,B
1Z5Y,E
1Z5Y,D
1ZHI,A
1ZHI,B
2A5T,A
2A5T,B
2A9K,A
2A9K,B
2AJF,A
2AJF,E
2B42,A
2B42,B
2BKR,A
2BKR,B
2BTF,A
2BTF,P
2CFH,A
2CFH,C
2DE6,ABC
2DE6,DEF
2E2D,A
2E2D,C
2EJF,AB
2EJF,CD
2F5Z,AB
2F5Z,K
2FJU,B
2FJU,A
2G2U,A
2G2U,B
2G77,A
2G77,B
2H7V,C
2H7V,A
2HLE,A
2HLE,B
2HQS,A
2HQS,H
2HRK,A
2HRK,B
2HUE,BC
2HUE,A
2I25,N
2I25,L
2IO0,A
2IO0,B
2NQD,B
2NQD,A
2OMZ,A
2OMZ,B
2OOB,A
2OOB,B
2PCC,A
2PCC,B
2POP,A
2POP,B
2PTT,A
2PTT,B
2PU9,AB
2PU9,C
2REX,AC
2REX,BD
2SIC,I
2SIC,E
2SNI,E
2SNI,I
2UUY,A
2UUY,B
2V8S,E
2V8S,V
2V9T,A
2V9T,B
2VDB,A
2VDB,B
2VOL,A
2VOL,B
2VSM,A
2VSM,B
2W19,AB
2W19,CD
2WG3,C
2WG3,A
2YVJ,A
2YVJ,B
3A4S,B
3A4S,C
3B3Q,AB
3B3Q,EF
3BP6,A
3BP6,B
3BP8,AB
3BP8,CD
3CPH,G
3CPH,A
3CX8,A
3CX8,B
3D5O,ABCDE
3D5O,F
3D5S,A
3D5S,C
3D7T,A
3D7T,B
3FMO,A
3FMO,B
3K75,D
3K75,B
3KBU,A
3KBU,D
3L1Z,A
3L1Z,B
3SGQ,E
3SGQ,I
7CEI,A
7CEI,B
1BGX,HL
1BGX,T
1UA6,HL
1UA6,Y
1YY9,DC
1YY9,A
2FJG,HBLA
2FJG,WV
2VXT,HL
2VXT,I
2XV6,B
2XV6,A
3BDY,HBLA
3BDY,WV
3EOA,HL
3EOA,I
3H3B,C
3H3B,A
3HMX,HL
3HMX,AB
3IU3,HL
3IU3,I
3L5W,HL
3L5W,I
3LZF,HIJLMN
3LZF,ABVWXY
3MJ9,HL
3MJ9,A
3MXW,HL
3MXW,A
3NFP,HL
3NFP,I
3P0Y,HL
3P0Y,A
3RJQ,B
3RJQ,A
3RU8,HL
3RU8,X
3S37,HL
3S37,X
3SE8,HL
3SE8,G
3W9E,AB
3W9E,C
3WIH,HL
3WIH,A
3X3F,HL
3X3F,A
4DN4,HL
4DN4,M
4DW2,HL
4DW2,U
4ETQ,AB
4ETQ,X
4G6M,HL
4G6M,A
4GMS,HIJLMN
4GMS,ABCDEF
4HJJ,HL
4HJJ,A
4KV5,HJ
4KV5,AB
4M3K,B
4M3K,A
4M5Z,HL
4M5Z,A
4M8Q,AB
4M8Q,S
4O58,HIJLMN
4O58,ABVWXY
4OGY,HL
4OGY,A
4OT1,HL
4OT1,A
4POU,B
4POU,A
4PP2,DC
4PP2,E
4PS4,HL
4PS4,A
4PY8,IJ
4PY8,AB
4QTI,HL
4QTI,U
4S10,A
4S10,C
4XRC,HL
4XRC,C
4Y7M,A
4Y7M,C
5BVP,HL
5BVP,I
5C7X,HL
5C7X,A
5CBA,AB
5CBA,E
5FHX,HL
5FHX,A
5GGS,AB
5GGS,Z
5GGV,HL
5GGV,Y
5HGG,T
5HGG,A
5IES,HL
5IES,C
5JMO,D
5JMO,B
5K9K,HL
5K9K,F
5LCV,HL
5LCV,AB
5NH3,HL
5NH3,A
5O14,HL
5O14,A
5O1R,HL
5O1R,A
5SV3,A
5SV3,B
5SY8,HL
5SY8,O
5UGY,HIJLMN
5UGY,ABCDEF
5UMN,EF
5UMN,A
5VNW,D
5VNW,A
5VPL,D
5VPL,DC
5VPL,DCA
5W06,HL
5W06,HLT
5W4L,HL
5W4L,HLG
5WHK,HL
5WHK,HLAB
5WK3,UT
5WK3,UTC
5WT9,HL
5WT9,HLG
5WUX,HACLBD
5WUX,HACLBDEFG
5X0T,AB
5X0T,ABE
5Y2L,HIMLJK
5Y2L,HIMLJKABCDEF
6A0Z,HL
6A0Z,HLA
6A77,HL
6A77,HLA
6B0S,HL
6B0S,HLC
6BPC,BC
6BPC,BCA
6CWG,B
6CWG,BA
6EY0,E
6EY0,EA
6EY6,IJ
6EY6,IJAB
6FXN,DFHEGI
6FXN,DFHEGIABC
6FYT,IJK
6FYT,IJKABCDEF
6FYW,CFI
6FYW,CFIABDEGH
6HX4,HL
6HX4,HLB
6IAP,HL
6IAP,HLA
6JB5,A
6JB5,AB
6LGW,CD
6LGW,CDF
6MFP,HL
6MFP,HLG
6OCB,HL
6OCB,HLA
6P50,HL
6P50,HLC
6PXH,HL
6PXH,HLB
6Q0O,ZB
6Q0O,ZBA
6QB4,X
6QB4,XA
6RP8,HL
6RP8,HLC
6SC9,BC
6SC9,BCA
6SS2,BC
6SS2,BCA
6SS4,BC
6SS4,BCA
6SV2,HL
6SV2,HLA
6U12,B
6U12,BA
6U54,A
6U54,AB
6UJ9,HL
6UJ9,HLABC
6UUH,AB
6UUH,ABF
6VUG,DC
6VUG,DCAB
6WGL,AB
6WGL,ABC
6XZF,B
6XZF,BA
6ZTR,HL
6ZTR,HLI
7CEB,CD
7CEB,CDAB
7CQC,HL
7CQC,HLA
7DAA,HL
7DAA,HLA
7DHA,CB
7DHA,CBA
7JMW,HL
7JMW,HLA
7JX3,CD
7JX3,CDR
7KET,AB
7KET,ABC
7KN6,HL
7KN6,HLA
7L7R,BA
7L7R,BAG
7LOP,BC
7LOP,BCA
7LVW,GIJ
7LVW,GIJABD
7N3I,HL
7N3I,HLC
7NX3,BC
7NX3,BCF
7OLZ,CB
7OLZ,CBA
7R6W,HL
7R6W,HLR
7R6X,CD
7R6X,CDR
7R8L,HL
7R8L,HLE
7SHY,CEDF
7SHY,CEDFAB
1BVK,DE
1BVK,DEF
1AHW,AB
1AHW,ABC
1DQJ,AB
1DQJ,ABC
1E6J,HL
1E6J,HLP
1JPS,HL
1JPS,HLT
1MLC,AB
1MLC,ABE
1P2C,AB
1P2C,ABC
1VFB,AB
1VFB,ABC
1WEJ,HL
1WEJ,HLF
2DD8,HL
2DD8,HLS
2FD6,HL
2FD6,HLAU
2VIS,AB
2VIS,ABC
3CVH,HL
3CVH,HLABC
3EO1,ABDE
3EO1,ABDECF
3GJF,HL
3GJF,HLABC
3HI6,HL
3HI6,HLA
2ZP8,ABCDKLMNabcd
3T12,A
3T12,ABC
